designs,synID,prediction,actual
fir,1080,0.03349904,0.25024334
fir,1044,0.034039583,-1.4216179
fir,1083,0.03435971,1.3112322
fir,1074,0.036175974,0.15378979
fir,1302,0.036550216,-0.1355708
fir,1313,0.039619938,0.2823945
fir,1427,0.041266914,1.9864068
fir,1194,0.041516203,-1.2287108
